<?xml version="1.0" encoding="UTF-8"?>
<!DOCTYPE hibernate-configuration PUBLIC "-//Hibernate/Hibernate Configuration DTD 3.0//EN" "http://www.hibernate.org/dtd/hibernate-configuration-3.0.dtd">
<hibernate-configuration>
	<session-factory>

		<!-- CONFIGURACIÓN (MARIABD) -->
		<property name="connection.url">jdbc:mariadb://localhost:3336/blog?createDatabaseIfNotExist=true</property>
		<property name="hibernate.hbm2ddl.auto">create-drop</property>
		<property name="connection.username">root</property>
		<property name="connection.password">root</property>
		<property name="hibernate.dialect">org.hibernate.dialect.MariaDBDialect</property>
		<property name="hibernate.show_sql">false</property>

		<!--  ENTIDADES A MAPEAR -->
		<mapping class="org.iesalixar.servidor.model.Comment" />
		<mapping class="org.iesalixar.servidor.model.Post" />
		<mapping class="org.iesalixar.servidor.model.User" />
		<mapping class="org.iesalixar.servidor.model.Valoracion" />
		
		
	</session-factory>
</hibernate-configuration>